tle_primary_key,publish_epoch,publish_epoch_tz,tle_line1,tle_line2,satellite_number,classification,tle_launch_year,tle_launch_number,tle_launch_piece,tle_international_designator,epoch_year,epoch_day,first_time_derivative_of_mean_motion,second_time_derivative_of_mean_motion,bstar_drag_term,ephemeris_type,element_number,tle_inclination,right_ascension_of_ascending_node,eccentricity,argument_of_perigee,mean_anomaly,mean_motion,revolutions_at_epoch,epoch,epoch_tz,tle_full,tle_title,most_recent_tle_flag,int_satellite_number
"2026-03-14 15:50:37 1 58357U 23177G   26072.06474456 0.00008740  00000-0  35760-3 0 09994
2 58357 042.9974 316.8797 0002046 249.6073 110.4558 15.24565184128915",3/14/2026 9:50,-06:00,1 58357U 23177G   26072.06474456 0.00008740  00000-0  35760-3 0 09994,2 58357 042.9974 316.8797 0002046 249.6073 110.4558 15.24565184128915,58357,U,2023,177,G,23177G,26,72.06474456,8.74E-05,0,3.58E-04,0,999,42.9974,316.8797,2.05E-04,249.607,110.4558,15.24565184,12891,3/12/2026 19:33,-06:00,"1 58357U 23177G   26072.06474456 0.00008740  00000-0  35760-3 0 09994
2 58357 042.9974 316.8797 0002046 249.6073 110.4558 15.24565184128915",58357 - 2026-03-13 01:33:52,FALSE,58357
"2026-03-14 15:50:37 1 58441U 23183E   26072.24169248 0.00001101  00000-0  50705-4 0 09996
2 58441 043.0017 021.0395 0000862 269.9393 090.1359 15.26748506127287",3/14/2026 9:50,-06:00,1 58441U 23183E   26072.24169248 0.00001101  00000-0  50705-4 0 09996,2 58441 043.0017 021.0395 0000862 269.9393 090.1359 15.26748506127287,58441,U,2023,183,E,23183E,26,72.24169248,1.10E-05,0,5.07E-05,0,999,43.0017,21.0395,8.62E-05,269.939,90.1359,15.26748506,12728,3/12/2026 23:47,-06:00,"1 58441U 23183E   26072.24169248 0.00001101  00000-0  50705-4 0 09996
2 58441 043.0017 021.0395 0000862 269.9393 090.1359 15.26748506127287",58441 - 2026-03-13 05:47:44,FALSE,58441
"2026-03-14 15:50:37 1 55652U 23021AA  26073.30033737 0.00000599  00000-0  57945-4 0 09992
2 55652 070.0008 172.7662 0003327 271.9839 088.0939 14.98334853169488",3/14/2026 9:50,-06:00,1 55652U 23021AA  26073.30033737 0.00000599  00000-0  57945-4 0 09992,2 55652 070.0008 172.7662 0003327 271.9839 088.0939 14.98334853169488,55652,U,2023,21,AA,23021AA,26,73.30033737,5.99E-06,0,5.79E-05,0,999,70.0008,172.7662,3.33E-04,271.983,88.0939,14.98334853,16948,3/14/2026 1:13,-06:00,"1 55652U 23021AA  26073.30033737 0.00000599  00000-0  57945-4 0 09992
2 55652 070.0008 172.7662 0003327 271.9839 088.0939 14.98334853169488",55652 - 2026-03-14 07:13:04,FALSE,55652
"2026-03-14 15:50:37 1 56046U 23043A   26072.97039880 -.00000008  00000-0 -54225-4 0 09996
2 56046 087.9010 247.7075 0001653 089.5442 270.5879 13.16593271146431",3/14/2026 9:50,-06:00,1 56046U 23043A   26072.97039880 -.00000008  00000-0 -54225-4 0 09996,2 56046 087.9010 247.7075 0001653 089.5442 270.5879 13.16593271146431,56046,U,2023,43,A,23043A,26,72.9703988,-8.00E-08,0,-5.42E-05,0,999,87.901,247.7075,1.65E-04,89.544,270.5879,13.16593271,14643,3/13/2026 17:17,-06:00,"1 56046U 23043A   26072.97039880 -.00000008  00000-0 -54225-4 0 09996
2 56046 087.9010 247.7075 0001653 089.5442 270.5879 13.16593271146431",56046 - 2026-03-13 23:17:20,FALSE,56046
"2026-03-14 15:50:37 1 56055U 23043K   26073.03373730 0.00000033  00000-0  53544-4 0 09998
2 56055 087.9009 247.6973 0001418 084.8086 275.3207 13.16594320146452",3/14/2026 9:50,-06:00,1 56055U 23043K   26073.03373730 0.00000033  00000-0  53544-4 0 09998,2 56055 087.9009 247.6973 0001418 084.8086 275.3207 13.16594320146452,56055,U,2023,43,K,23043K,26,73.0337373,3.30E-07,0,5.35E-05,0,999,87.9009,247.6973,1.42E-04,84.808,275.3207,13.1659432,14645,3/13/2026 18:49,-06:00,"1 56055U 23043K   26073.03373730 0.00000033  00000-0  53544-4 0 09998
2 56055 087.9009 247.6973 0001418 084.8086 275.3207 13.16594320146452",56055 - 2026-03-14 00:49:04,FALSE,56055
"2026-03-14 15:50:37 1 56123U 23046AH  26073.25002315 0.01324789  00000-0  65703-1 0 09994
2 56123 043.0004 121.0980 0000774 273.7527 284.8630 15.14164910005730",3/14/2026 9:50,-06:00,1 56123U 23046AH  26073.25002315 0.01324789  00000-0  65703-1 0 09994,2 56123 043.0004 121.0980 0000774 273.7527 284.8630 15.14164910005730,56123,U,2023,46,AH,23046AH,26,73.25002315,0.01324789,0,0.065703,0,999,43.0004,121.098,7.74E-05,273.752,284.863,15.1416491,573,3/14/2026 0:00,-06:00,"1 56123U 23046AH  26073.25002315 0.01324789  00000-0  65703-1 0 09994
2 56123 043.0004 121.0980 0000774 273.7527 284.8630 15.14164910005730",56123 - 2026-03-14 06:00:32,FALSE,56123
"2026-03-14 15:50:37 1 56772U 23078F   26073.20230494 0.00002228  00000-0  19448-3 0 09992
2 56772 070.0015 353.0581 0002594 268.6259 091.4603 14.98326202152867",3/14/2026 9:50,-06:00,1 56772U 23078F   26073.20230494 0.00002228  00000-0  19448-3 0 09992,2 56772 070.0015 353.0581 0002594 268.6259 091.4603 14.98326202152867,56772,U,2023,78,F,23078F,26,73.20230494,2.23E-05,0,1.94E-04,0,999,70.0015,353.0581,2.59E-04,268.625,91.4603,14.98326202,15286,3/13/2026 22:52,-06:00,"1 56772U 23078F   26073.20230494 0.00002228  00000-0  19448-3 0 09992
2 56772 070.0015 353.0581 0002594 268.6259 091.4603 14.98326202152867",56772 - 2026-03-14 04:52:16,FALSE,56772
"2026-03-14 15:50:37 1 57147U 23090AY  26073.25002315 0.00037257  00000-0  22812-2 0 09995
2 57147 043.0003 236.5464 0002289 248.5574 081.1883 15.09583301005821",3/14/2026 9:50,-06:00,1 57147U 23090AY  26073.25002315 0.00037257  00000-0  22812-2 0 09995,2 57147 043.0003 236.5464 0002289 248.5574 081.1883 15.09583301005821,57147,U,2023,90,AY,23090AY,26,73.25002315,3.73E-04,0,0.0022812,0,999,43.0003,236.5464,2.29E-04,248.557,81.1883,15.09583301,582,3/14/2026 0:00,-06:00,"1 57147U 23090AY  26073.25002315 0.00037257  00000-0  22812-2 0 09995
2 57147 043.0003 236.5464 0002289 248.5574 081.1883 15.09583301005821",57147 - 2026-03-14 06:00:32,FALSE,57147
"2026-03-14 15:50:37 1 57652U 23122W   26072.38244218 0.00004259  00000-0  16864-3 0 09992
2 57652 043.0028 071.4802 0001018 288.5175 071.5566 15.26682923142777",3/14/2026 9:50,-06:00,1 57652U 23122W   26072.38244218 0.00004259  00000-0  16864-3 0 09992,2 57652 043.0028 071.4802 0001018 288.5175 071.5566 15.26682923142777,57652,U,2023,122,W,23122W,26,72.38244218,4.26E-05,0,1.69E-04,0,999,43.0028,71.4802,1.02E-04,288.517,71.5566,15.26682923,14277,3/13/2026 3:10,-06:00,"1 57652U 23122W   26072.38244218 0.00004259  00000-0  16864-3 0 09992
2 57652 043.0028 071.4802 0001018 288.5175 071.5566 15.26682923142777",57652 - 2026-03-13 09:10:24,FALSE,57652
"2026-03-14 15:50:37 1 58033U 23156F   26072.91434095 0.00001412  00000-0  59787-4 0 09996
2 58033 053.1592 148.2710 0000770 070.5346 289.5737 15.30192055135683",3/14/2026 9:50,-06:00,1 58033U 23156F   26072.91434095 0.00001412  00000-0  59787-4 0 09996,2 58033 053.1592 148.2710 0000770 070.5346 289.5737 15.30192055135683,58033,U,2023,156,F,23156F,26,72.91434095,1.41E-05,0,5.98E-05,0,999,53.1592,148.271,7.70E-05,70.534,289.5737,15.30192055,13568,3/13/2026 15:56,-06:00,"1 58033U 23156F   26072.91434095 0.00001412  00000-0  59787-4 0 09996
2 58033 053.1592 148.2710 0000770 070.5346 289.5737 15.30192055135683",58033 - 2026-03-13 21:56:16,FALSE,58033
"2026-03-14 15:50:37 1 58092U 23160T   26072.02803645 0.00000030  00000-0  10798-4 0 09993
2 58092 043.0050 059.2605 0001797 276.8248 083.2399 15.26740775133450",3/14/2026 9:50,-06:00,1 58092U 23160T   26072.02803645 0.00000030  00000-0  10798-4 0 09993,2 58092 043.0050 059.2605 0001797 276.8248 083.2399 15.26740775133450,58092,U,2023,160,T,23160T,26,72.02803645,3.00E-07,0,1.08E-05,0,999,43.005,59.2605,1.80E-04,276.824,83.2399,15.26740775,13345,3/12/2026 18:40,-06:00,"1 58092U 23160T   26072.02803645 0.00000030  00000-0  10798-4 0 09993
2 58092 043.0050 059.2605 0001797 276.8248 083.2399 15.26740775133450",58092 - 2026-03-13 00:40:32,FALSE,58092
"2026-03-14 15:50:37 1 50816U 22001P   26072.90288933 0.00027080  00000-0  14939-2 0 09999
2 50816 053.2132 148.5440 0000587 144.1135 215.9899 15.13795750231061",3/14/2026 9:50,-06:00,1 50816U 22001P   26072.90288933 0.00027080  00000-0  14939-2 0 09999,2 50816 053.2132 148.5440 0000587 144.1135 215.9899 15.13795750231061,50816,U,2022,1,P,22001P,26,72.90288933,2.71E-04,0,0.0014939,0,999,53.2132,148.544,5.87E-05,144.113,215.9899,15.1379575,23106,3/13/2026 15:39,-06:00,"1 50816U 22001P   26072.90288933 0.00027080  00000-0  14939-2 0 09999
2 50816 053.2132 148.5440 0000587 144.1135 215.9899 15.13795750231061",50816 - 2026-03-13 21:39:12,FALSE,50816
"2026-03-14 15:50:37 1 52110U 22029Y   26073.26686310 0.00008300  00000-0  53929-3 0 09996
2 52110 053.2164 058.5689 0001702 114.2504 245.8666 15.08816611221470",3/14/2026 9:50,-06:00,1 52110U 22029Y   26073.26686310 0.00008300  00000-0  53929-3 0 09996,2 52110 053.2164 058.5689 0001702 114.2504 245.8666 15.08816611221470,52110,U,2022,29,Y,22029Y,26,73.2668631,8.30E-05,0,5.39E-04,0,999,53.2164,58.5689,1.70E-04,114.25,245.8666,15.08816611,22147,3/14/2026 0:24,-06:00,"1 52110U 22029Y   26073.26686310 0.00008300  00000-0  53929-3 0 09996
2 52110 053.2164 058.5689 0001702 114.2504 245.8666 15.08816611221470",52110 - 2026-03-14 06:24:00,FALSE,52110
"2026-03-14 15:50:37 1 52282U 22041X   26073.28708474 0.00000168  00000-0  28658-4 0 09994
2 52282 053.2173 078.4802 0000901 092.0864 268.0231 15.08841162215196",3/14/2026 9:50,-06:00,1 52282U 22041X   26073.28708474 0.00000168  00000-0  28658-4 0 09994,2 52282 053.2173 078.4802 0000901 092.0864 268.0231 15.08841162215196,52282,U,2022,41,X,22041X,26,73.28708474,1.68E-06,0,2.87E-05,0,999,53.2173,78.4802,9.01E-05,92.086,268.0231,15.08841162,21519,3/14/2026 0:53,-06:00,"1 52282U 22041X   26073.28708474 0.00000168  00000-0  28658-4 0 09994
2 52282 053.2173 078.4802 0000901 092.0864 268.0231 15.08841162215196",52282 - 2026-03-14 06:53:52,FALSE,52282
"2026-03-14 15:50:37 1 53291U 22086BB  26072.96689676 -.00001178  00000-0 -55925-4 0 09991
2 53291 053.2172 159.7105 0001091 092.3396 267.7721 15.08849266201906",3/14/2026 9:50,-06:00,1 53291U 22086BB  26072.96689676 -.00001178  00000-0 -55925-4 0 09991,2 53291 053.2172 159.7105 0001091 092.3396 267.7721 15.08849266201906,53291,U,2022,86,BB,22086BB,26,72.96689676,-1.18E-05,0,-5.59E-05,0,999,53.2172,159.7105,1.09E-04,92.339,267.7721,15.08849266,20190,3/13/2026 17:13,-06:00,"1 53291U 22086BB  26072.96689676 -.00001178  00000-0 -55925-4 0 09991
2 53291 053.2172 159.7105 0001091 092.3396 267.7721 15.08849266201906",53291 - 2026-03-13 23:13:04,FALSE,53291
"2026-03-14 15:50:37 1 53641U 22104BF  26072.37581616 -.00000131  00000-0  98781-5 0 09996
2 53641 053.2169 207.4376 0001356 083.0404 277.0742 15.08839215196782",3/14/2026 9:50,-06:00,1 53641U 22104BF  26072.37581616 -.00000131  00000-0  98781-5 0 09996,2 53641 053.2169 207.4376 0001356 083.0404 277.0742 15.08839215196782,53641,U,2022,104,BF,22104BF,26,72.37581616,-1.31E-06,0,9.88E-06,0,999,53.2169,207.4376,1.36E-04,83.04,277.0742,15.08839215,19678,3/13/2026 3:01,-06:00,"1 53641U 22104BF  26072.37581616 -.00000131  00000-0  98781-5 0 09996
2 53641 053.2169 207.4376 0001356 083.0404 277.0742 15.08839215196782",53641 - 2026-03-13 09:01:52,FALSE,53641
"2026-03-14 15:50:37 1 53654U 22105G   26073.25784674 -.00000038  00000-0  15573-5 0 09992
2 53654 097.6026 315.6790 0002403 088.9068 271.2434 15.05647246193987",3/14/2026 9:50,-06:00,1 53654U 22105G   26073.25784674 -.00000038  00000-0  15573-5 0 09992,2 53654 097.6026 315.6790 0002403 088.9068 271.2434 15.05647246193987,53654,U,2022,105,G,22105G,26,73.25784674,-3.80E-07,0,1.56E-06,0,999,97.6026,315.679,2.40E-04,88.906,271.2434,15.05647246,19398,3/14/2026 0:11,-06:00,"1 53654U 22105G   26073.25784674 -.00000038  00000-0  15573-5 0 09992
2 53654 097.6026 315.6790 0002403 088.9068 271.2434 15.05647246193987",53654 - 2026-03-14 06:11:12,FALSE,53654
"2026-03-14 15:50:37 1 53775U 22111C   26072.80183821 -.00000512  00000-0 -14102-4 0 09994
2 53775 053.2164 255.8940 0000876 075.9999 284.1090 15.08825680194317",3/14/2026 9:50,-06:00,1 53775U 22111C   26072.80183821 -.00000512  00000-0 -14102-4 0 09994,2 53775 053.2164 255.8940 0000876 075.9999 284.1090 15.08825680194317,53775,U,2022,111,C,22111C,26,72.80183821,-5.12E-06,0,-1.41E-05,0,999,53.2164,255.894,8.76E-05,75.999,284.109,15.0882568,19431,3/13/2026 13:14,-06:00,"1 53775U 22111C   26072.80183821 -.00000512  00000-0 -14102-4 0 09994
2 53775 053.2164 255.8940 0000876 075.9999 284.1090 15.08825680194317",53775 - 2026-03-13 19:14:08,FALSE,53775
"2026-03-14 15:50:37 1 53913U 22119AD  26072.91955255 0.00000244  00000-0  33452-4 0 09995
2 53913 053.2167 295.1160 0001351 086.3169 273.7977 15.08835433192468",3/14/2026 9:50,-06:00,1 53913U 22119AD  26072.91955255 0.00000244  00000-0  33452-4 0 09995,2 53913 053.2167 295.1160 0001351 086.3169 273.7977 15.08835433192468,53913,U,2022,119,AD,22119AD,26,72.91955255,2.44E-06,0,3.35E-05,0,999,53.2167,295.116,1.35E-04,86.316,273.7977,15.08835433,19246,3/13/2026 16:04,-06:00,"1 53913U 22119AD  26072.91955255 0.00000244  00000-0  33452-4 0 09995
2 53913 053.2167 295.1160 0001351 086.3169 273.7977 15.08835433192468",53913 - 2026-03-13 22:04:48,FALSE,53913
"2026-03-14 15:50:37 1 54122U 22138K   26073.20564217 0.00000099  00000-0  21478-3 0 09998
2 54122 087.9225 323.8898 0001610 087.1217 273.0100 13.19725160164306",3/14/2026 9:50,-06:00,1 54122U 22138K   26073.20564217 0.00000099  00000-0  21478-3 0 09998,2 54122 087.9225 323.8898 0001610 087.1217 273.0100 13.19725160164306,54122,U,2022,138,K,22138K,26,73.20564217,9.90E-07,0,2.15E-04,0,999,87.9225,323.8898,1.61E-04,87.121,273.01,13.1972516,16430,3/13/2026 22:56,-06:00,"1 54122U 22138K   26073.20564217 0.00000099  00000-0  21478-3 0 09998
2 54122 087.9225 323.8898 0001610 087.1217 273.0100 13.19725160164306",54122 - 2026-03-14 04:56:32,FALSE,54122
"2026-03-14 15:50:37 1 54376U 22160E   26073.09884715 0.00013955  00000-0  58128-3 0 09996
2 54376 035.0071 217.4882 0011457 249.4466 110.5020 15.22851474183547",3/14/2026 9:50,-06:00,1 54376U 22160E   26073.09884715 0.00013955  00000-0  58128-3 0 09996,2 54376 035.0071 217.4882 0011457 249.4466 110.5020 15.22851474183547,54376,U,2022,160,E,22160E,26,73.09884715,1.40E-04,0,5.81E-04,0,999,35.0071,217.4882,0.0011457,249.446,110.502,15.22851474,18354,3/13/2026 20:22,-06:00,"1 54376U 22160E   26073.09884715 0.00013955  00000-0  58128-3 0 09996
2 54376 035.0071 217.4882 0011457 249.4466 110.5020 15.22851474183547",54376 - 2026-03-14 02:22:56,FALSE,54376
"2026-03-14 15:50:37 1 54409U 22151EH  26073.27163774 0.00002997  00000-0  12401-2 0 09995
2 54409 098.7503 075.1644 0137814 111.9993 249.5892 14.22346289172156",3/14/2026 9:50,-06:00,1 54409U 22151EH  26073.27163774 0.00002997  00000-0  12401-2 0 09995,2 54409 098.7503 075.1644 0137814 111.9993 249.5892 14.22346289172156,54409,U,2022,151,EH,22151EH,26,73.27163774,3.00E-05,0,0.0012401,0,999,98.7503,75.1644,0.0137814,111.999,249.5892,14.22346289,17215,3/14/2026 0:30,-06:00,"1 54409U 22151EH  26073.27163774 0.00002997  00000-0  12401-2 0 09995
2 54409 098.7503 075.1644 0137814 111.9993 249.5892 14.22346289172156",54409 - 2026-03-14 06:30:24,FALSE,54409
"2026-03-14 15:50:37 1 54590U 22151MQ  26073.24074179 0.00004726  00000-0  15644-2 0 09997
2 54590 098.6081 083.3807 0068815 354.0053 006.0302 14.37030023173470",3/14/2026 9:50,-06:00,1 54590U 22151MQ  26073.24074179 0.00004726  00000-0  15644-2 0 09997,2 54590 098.6081 083.3807 0068815 354.0053 006.0302 14.37030023173470,54590,U,2022,151,MQ,22151MQ,26,73.24074179,4.73E-05,0,0.0015644,0,999,98.6081,83.3807,0.0068815,354.005,6.0302,14.37030023,17347,3/13/2026 23:45,-06:00,"1 54590U 22151MQ  26073.24074179 0.00004726  00000-0  15644-2 0 09997
2 54590 098.6081 083.3807 0068815 354.0053 006.0302 14.37030023173470",54590 - 2026-03-14 05:45:36,FALSE,54590
"2026-03-14 15:50:37 1 54790U 22175AJ  26073.13525437 -.00001478  00000-0 -74726-4 0 09992
2 54790 053.2185 008.9572 0001277 079.8388 280.2748 15.08863923180805",3/14/2026 9:50,-06:00,1 54790U 22175AJ  26073.13525437 -.00001478  00000-0 -74726-4 0 09992,2 54790 053.2185 008.9572 0001277 079.8388 280.2748 15.08863923180805,54790,U,2022,175,AJ,22175AJ,26,73.13525437,-1.48E-05,0,-7.47E-05,0,999,53.2185,8.9572,1.28E-04,79.838,280.2748,15.08863923,18080,3/13/2026 21:14,-06:00,"1 54790U 22175AJ  26073.13525437 -.00001478  00000-0 -74726-4 0 09992
2 54790 053.2185 008.9572 0001277 079.8388 280.2748 15.08863923180805",54790 - 2026-03-14 03:14:08,FALSE,54790
"2026-03-14 15:50:37 1 54912U 22151QZ  26072.68441101 0.00011814  00000-0  20802-2 0 09993
2 54912 098.7623 152.8832 0099809 246.1001 112.9718 14.64498506172653",3/14/2026 9:50,-06:00,1 54912U 22151QZ  26072.68441101 0.00011814  00000-0  20802-2 0 09993,2 54912 098.7623 152.8832 0099809 246.1001 112.9718 14.64498506172653,54912,U,2022,151,QZ,22151QZ,26,72.68441101,1.18E-04,0,0.0020802,0,999,98.7623,152.8832,0.0099809,246.1,112.9718,14.64498506,17265,3/13/2026 10:25,-06:00,"1 54912U 22151QZ  26072.68441101 0.00011814  00000-0  20802-2 0 09993
2 54912 098.7623 152.8832 0099809 246.1001 112.9718 14.64498506172653",54912 - 2026-03-13 16:25:36,FALSE,54912
"2026-03-14 15:50:37 1 55899U 22151AAX 26072.15969259 0.00023258  00000-0  29543-2 0 09995
2 55899 098.6313 140.6313 0060329 194.1339 165.8186 14.80358560170391",3/14/2026 9:50,-06:00,1 55899U 22151AAX 26072.15969259 0.00023258  00000-0  29543-2 0 09995,2 55899 098.6313 140.6313 0060329 194.1339 165.8186 14.80358560170391,55899,U,2022,151,AAX,22151AAX,26,72.15969259,2.33E-04,0,0.0029543,0,999,98.6313,140.6313,0.0060329,194.133,165.8186,14.8035856,17039,3/12/2026 21:50,-06:00,"1 55899U 22151AAX 26072.15969259 0.00023258  00000-0  29543-2 0 09995
2 55899 098.6313 140.6313 0060329 194.1339 165.8186 14.80358560170391",55899 - 2026-03-13 03:50:24,FALSE,55899
"2026-03-14 15:50:37 1 56256U 22151ABY 26072.95959576 0.00002848  00000-0  56914-3 0 09997
2 56256 098.5822 134.7456 0144555 118.9719 242.6058 14.56273595158109",3/14/2026 9:50,-06:00,1 56256U 22151ABY 26072.95959576 0.00002848  00000-0  56914-3 0 09997,2 56256 098.5822 134.7456 0144555 118.9719 242.6058 14.56273595158109,56256,U,2022,151,ABY,22151ABY,26,72.95959576,2.85E-05,0,5.69E-04,0,999,98.5822,134.7456,0.0144555,118.971,242.6058,14.56273595,15810,3/13/2026 17:02,-06:00,"1 56256U 22151ABY 26072.95959576 0.00002848  00000-0  56914-3 0 09997
2 56256 098.5822 134.7456 0144555 118.9719 242.6058 14.56273595158109",56256 - 2026-03-13 23:02:24,FALSE,56256
"2026-03-14 15:50:37 1 56282U 22151ADA 26072.47652518 0.00004938  00000-0  22675-2 0 09997
2 56282 098.8588 084.6093 0067604 269.8742 089.4687 14.20482786153982",3/14/2026 9:50,-06:00,1 56282U 22151ADA 26072.47652518 0.00004938  00000-0  22675-2 0 09997,2 56282 098.8588 084.6093 0067604 269.8742 089.4687 14.20482786153982,56282,U,2022,151,ADA,22151ADA,26,72.47652518,4.94E-05,0,0.0022675,0,999,98.8588,84.6093,0.0067604,269.874,89.4687,14.20482786,15398,3/13/2026 5:26,-06:00,"1 56282U 22151ADA 26072.47652518 0.00004938  00000-0  22675-2 0 09997
2 56282 098.8588 084.6093 0067604 269.8742 089.4687 14.20482786153982",56282 - 2026-03-13 11:26:56,FALSE,56282
"2026-03-14 15:50:37 1 48009U 21024AJ  26073.30929306 -.00000188  00000-0  57706-5 0 09998
2 48009 053.1598 287.9400 0000907 097.0110 263.0993 15.30191960275605",3/14/2026 9:50,-06:00,1 48009U 21024AJ  26073.30929306 -.00000188  00000-0  57706-5 0 09998,2 48009 053.1598 287.9400 0000907 097.0110 263.0993 15.30191960275605,48009,U,2021,24,AJ,21024AJ,26,73.30929306,-1.88E-06,0,5.77E-06,0,999,53.1598,287.94,9.07E-05,97.011,263.0993,15.3019196,27560,3/14/2026 1:25,-06:00,"1 48009U 21024AJ  26073.30929306 -.00000188  00000-0  57706-5 0 09998
2 48009 053.1598 287.9400 0000907 097.0110 263.0993 15.30191960275605",48009 - 2026-03-14 07:25:52,FALSE,48009
"2026-03-14 15:50:37 1 48292U 21036S   26073.22161036 0.00007691  00000-0  27160-3 0 09998
2 48292 053.1597 054.2214 0001467 085.6753 274.4416 15.30191443269104",3/14/2026 9:50,-06:00,1 48292U 21036S   26073.22161036 0.00007691  00000-0  27160-3 0 09998,2 48292 053.1597 054.2214 0001467 085.6753 274.4416 15.30191443269104,48292,U,2021,36,S,21036S,26,73.22161036,7.69E-05,0,2.72E-04,0,999,53.1597,54.2214,1.47E-04,85.675,274.4416,15.30191443,26910,3/13/2026 23:20,-06:00,"1 48292U 21036S   26073.22161036 0.00007691  00000-0  27160-3 0 09998
2 48292 053.1597 054.2214 0001467 085.6753 274.4416 15.30191443269104",48292 - 2026-03-14 05:20:00,FALSE,48292
"2026-03-14 15:50:37 1 48300U 21036AA  26073.22008518 0.00001336  00000-0  57239-4 0 09994
2 48300 053.1610 067.1451 0001553 124.0620 236.0529 15.30192204268927",3/14/2026 9:50,-06:00,1 48300U 21036AA  26073.22008518 0.00001336  00000-0  57239-4 0 09994,2 48300 053.1610 067.1451 0001553 124.0620 236.0529 15.30192204268927,48300,U,2021,36,AA,21036AA,26,73.22008518,1.34E-05,0,5.72E-05,0,999,53.161,67.1451,1.55E-04,124.062,236.0529,15.30192204,26892,3/13/2026 23:17,-06:00,"1 48300U 21036AA  26073.22008518 0.00001336  00000-0  57239-4 0 09994
2 48300 053.1610 067.1451 0001553 124.0620 236.0529 15.30192204268927",48300 - 2026-03-14 05:17:52,FALSE,48300
"2026-03-14 15:50:37 1 48978U 21060M   26073.24509594 0.00000104  00000-0  23858-3 0 09995
2 48978 087.9010 247.6682 0001323 108.2052 251.9223 13.16595072227111",3/14/2026 9:50,-06:00,1 48978U 21060M   26073.24509594 0.00000104  00000-0  23858-3 0 09995,2 48978 087.9010 247.6682 0001323 108.2052 251.9223 13.16595072227111,48978,U,2021,60,M,21060M,26,73.24509594,1.04E-06,0,2.39E-04,0,999,87.901,247.6682,1.32E-04,108.205,251.9223,13.16595072,22711,3/13/2026 23:52,-06:00,"1 48978U 21060M   26073.24509594 0.00000104  00000-0  23858-3 0 09995
2 48978 087.9010 247.6682 0001323 108.2052 251.9223 13.16595072227111",48978 - 2026-03-14 05:52:00,FALSE,48978
"2026-03-14 15:50:37 1 49199U 21083P   26073.22287534 -.00000218  00000-0 -63093-3 0 09994
2 49199 087.9024 339.1349 0001711 079.5604 280.5718 13.13470683218443",3/14/2026 9:50,-06:00,1 49199U 21083P   26073.22287534 -.00000218  00000-0 -63093-3 0 09994,2 49199 087.9024 339.1349 0001711 079.5604 280.5718 13.13470683218443,49199,U,2021,83,P,21083P,26,73.22287534,-2.18E-06,0,-6.31E-04,0,999,87.9024,339.1349,1.71E-04,79.56,280.5718,13.13470683,21844,3/13/2026 23:20,-06:00,"1 49199U 21083P   26073.22287534 -.00000218  00000-0 -63093-3 0 09994
2 49199 087.9024 339.1349 0001711 079.5604 280.5718 13.13470683218443",49199 - 2026-03-14 05:20:00,FALSE,49199
"2026-03-14 15:50:37 1 50492U 21132Z   26073.25716615 0.00000176  00000-0  41273-3 0 09994
2 50492 087.9242 354.3194 0001782 071.7158 288.4168 13.18685502209096",3/14/2026 9:50,-06:00,1 50492U 21132Z   26073.25716615 0.00000176  00000-0  41273-3 0 09994,2 50492 087.9242 354.3194 0001782 071.7158 288.4168 13.18685502209096,50492,U,2021,132,Z,21132Z,26,73.25716615,1.76E-06,0,4.13E-04,0,999,87.9242,354.3194,1.78E-04,71.715,288.4168,13.18685502,20909,3/14/2026 0:11,-06:00,"1 50492U 21132Z   26073.25716615 0.00000176  00000-0  41273-3 0 09994
2 50492 087.9242 354.3194 0001782 071.7158 288.4168 13.18685502209096",50492 - 2026-03-14 06:11:12,FALSE,50492
"2026-03-14 15:50:37 1 46461U 20065H   26073.30777422 0.00125534  00000-0  98650-3 0 09995
2 46461 097.2415 130.3805 0009821 078.0488 282.1875 15.71064141305322",3/14/2026 9:50,-06:00,1 46461U 20065H   26073.30777422 0.00125534  00000-0  98650-3 0 09995,2 46461 097.2415 130.3805 0009821 078.0488 282.1875 15.71064141305322,46461,U,2020,65,H,20065H,26,73.30777422,0.00125534,0,9.87E-04,0,999,97.2415,130.3805,9.82E-04,78.048,282.1875,15.71064141,30532,3/14/2026 1:23,-06:00,"1 46461U 20065H   26073.30777422 0.00125534  00000-0  98650-3 0 09995
2 46461 097.2415 130.3805 0009821 078.0488 282.1875 15.71064141305322",46461 - 2026-03-14 07:23:44,FALSE,46461
"2026-03-14 15:50:37 1 44231U 19027A   26073.31189041 -.00000247  00000-0  00000-0 0 09992
2 44231 001.4163 074.2576 0011484 274.6968 079.7541 01.00273854025125",3/14/2026 9:50,-06:00,1 44231U 19027A   26073.31189041 -.00000247  00000-0  00000-0 0 09992,2 44231 001.4163 074.2576 0011484 274.6968 079.7541 01.00273854025125,44231,U,2019,27,A,19027A,26,73.31189041,-2.47E-06,0,0,0,999,1.4163,74.2576,0.0011484,274.696,79.7541,1.00273854,2512,3/14/2026 1:30,-06:00,"1 44231U 19027A   26073.31189041 -.00000247  00000-0  00000-0 0 09992
2 44231 001.4163 074.2576 0011484 274.6968 079.7541 01.00273854025125",44231 - 2026-03-14 07:30:08,FALSE,44231
"2026-03-14 15:50:37 1 43790U 18099AJ  26073.12039813 0.00004666  00000-0  27401-3 0 09994
2 43790 097.4365 125.3006 0010036 320.6682 039.3819 15.12156098397968",3/14/2026 9:50,-06:00,1 43790U 18099AJ  26073.12039813 0.00004666  00000-0  27401-3 0 09994,2 43790 097.4365 125.3006 0010036 320.6682 039.3819 15.12156098397968,43790,U,2018,99,AJ,18099AJ,26,73.12039813,4.67E-05,0,2.74E-04,0,999,97.4365,125.3006,0.0010036,320.668,39.3819,15.12156098,39796,3/13/2026 20:52,-06:00,"1 43790U 18099AJ  26073.12039813 0.00004666  00000-0  27401-3 0 09994
2 43790 097.4365 125.3006 0010036 320.6682 039.3819 15.12156098397968",43790 - 2026-03-14 02:52:48,FALSE,43790
"2026-03-14 15:50:37 1 43876U 18111A   26072.71257350 0.00000068  00000-0  58508-5 0 09992
2 43876 097.3643 340.1550 0001472 087.5585 272.5821 15.22632947400251",3/14/2026 9:50,-06:00,1 43876U 18111A   26072.71257350 0.00000068  00000-0  58508-5 0 09992,2 43876 097.3643 340.1550 0001472 087.5585 272.5821 15.22632947400251,43876,U,2018,111,A,18111A,26,72.7125735,6.80E-07,0,5.85E-06,0,999,97.3643,340.155,1.47E-04,87.558,272.5821,15.22632947,40025,3/13/2026 11:06,-06:00,"1 43876U 18111A   26072.71257350 0.00000068  00000-0  58508-5 0 09992
2 43876 097.3643 340.1550 0001472 087.5585 272.5821 15.22632947400251",43876 - 2026-03-13 17:06:08,FALSE,43876
"2026-03-14 15:50:37 1 43074U 17083E   26073.27272252 -.00000021  00000-0 -14426-4 0 09990
2 43074 086.4024 001.7237 0002023 085.3784 274.7643 14.34217314430534",3/14/2026 9:50,-06:00,1 43074U 17083E   26073.27272252 -.00000021  00000-0 -14426-4 0 09990,2 43074 086.4024 001.7237 0002023 085.3784 274.7643 14.34217314430534,43074,U,2017,83,E,17083E,26,73.27272252,-2.10E-07,0,-1.44E-05,0,999,86.4024,1.7237,2.02E-04,85.378,274.7643,14.34217314,43053,3/14/2026 0:32,-06:00,"1 43074U 17083E   26073.27272252 -.00000021  00000-0 -14426-4 0 09990
2 43074 086.4024 001.7237 0002023 085.3784 274.7643 14.34217314430534",43074 - 2026-03-14 06:32:32,FALSE,43074
"2026-03-14 15:50:37 1 39510U 14006C   26072.44713135 0.00002342  00000-0  11178-2 0 09995
2 39510 006.0353 161.5505 7105612 010.3078 358.7438 02.49095793104428",3/14/2026 9:50,-06:00,1 39510U 14006C   26072.44713135 0.00002342  00000-0  11178-2 0 09995,2 39510 006.0353 161.5505 7105612 010.3078 358.7438 02.49095793104428,39510,U,2014,6,C,14006C,26,72.44713135,2.34E-05,0,0.0011178,0,999,6.0353,161.5505,0.7105612,10.307,358.7438,2.49095793,10442,3/13/2026 4:44,-06:00,"1 39510U 14006C   26072.44713135 0.00002342  00000-0  11178-2 0 09995
2 39510 006.0353 161.5505 7105612 010.3078 358.7438 02.49095793104428",39510 - 2026-03-13 10:44:16,FALSE,39510
"2026-03-14 15:50:37 1 39092U 13009G   26072.43922979 0.00000286  00000-0  11216-3 0 09998
2 39092 098.3999 254.3403 0009588 156.2049 203.9583 14.36369845683242",3/14/2026 9:50,-06:00,1 39092U 13009G   26072.43922979 0.00000286  00000-0  11216-3 0 09998,2 39092 098.3999 254.3403 0009588 156.2049 203.9583 14.36369845683242,39092,U,2013,9,G,13009G,26,72.43922979,2.86E-06,0,1.12E-04,0,999,98.3999,254.3403,9.59E-04,156.204,203.9583,14.36369845,68324,3/13/2026 4:31,-06:00,"1 39092U 13009G   26072.43922979 0.00000286  00000-0  11216-3 0 09998
2 39092 098.3999 254.3403 0009588 156.2049 203.9583 14.36369845683242",39092 - 2026-03-13 10:31:28,FALSE,39092
"2026-03-14 15:50:37 1 38356U 12030A   26073.22544827 -.00000057  00000-0  00000-0 0 09996
2 38356 000.0189 144.4274 0002938 215.1206 059.4551 01.00271758049496",3/14/2026 9:50,-06:00,1 38356U 12030A   26073.22544827 -.00000057  00000-0  00000-0 0 09996,2 38356 000.0189 144.4274 0002938 215.1206 059.4551 01.00271758049496,38356,U,2012,30,A,12030A,26,73.22544827,-5.70E-07,0,0,0,999,0.0189,144.4274,2.94E-04,215.12,59.4551,1.00271758,4949,3/13/2026 23:24,-06:00,"1 38356U 12030A   26073.22544827 -.00000057  00000-0  00000-0 0 09996
2 38356 000.0189 144.4274 0002938 215.1206 059.4551 01.00271758049496",38356 - 2026-03-14 05:24:16,FALSE,38356
"2026-03-14 15:50:37 1 38756U 12047B   26073.29141804 0.00001480  00000-0  19228-3 0 09998
2 38756 098.2354 352.2921 0011114 007.6960 352.4420 14.82286988728252",3/14/2026 9:50,-06:00,1 38756U 12047B   26073.29141804 0.00001480  00000-0  19228-3 0 09998,2 38756 098.2354 352.2921 0011114 007.6960 352.4420 14.82286988728252,38756,U,2012,47,B,12047B,26,73.29141804,1.48E-05,0,1.92E-04,0,999,98.2354,352.2921,0.0011114,7.696,352.442,14.82286988,72825,3/14/2026 1:00,-06:00,"1 38756U 12047B   26073.29141804 0.00001480  00000-0  19228-3 0 09998
2 38756 098.2354 352.2921 0011114 007.6960 352.4420 14.82286988728252",38756 - 2026-03-14 07:00:16,FALSE,38756
"2026-03-14 15:50:37 1 42477U 12008AM  26072.05404365 0.00000961  00000-0  33610-2 0 09990
2 42477 019.9291 070.4298 6900724 070.6071 348.3680 02.67053776103353",3/14/2026 9:50,-06:00,1 42477U 12008AM  26072.05404365 0.00000961  00000-0  33610-2 0 09990,2 42477 019.9291 070.4298 6900724 070.6071 348.3680 02.67053776103353,42477,U,2012,8,AM,12008AM,26,72.05404365,9.61E-06,0,0.003361,0,999,19.9291,70.4298,0.6900724,70.607,348.368,2.67053776,10335,3/12/2026 19:16,-06:00,"1 42477U 12008AM  26072.05404365 0.00000961  00000-0  33610-2 0 09990
2 42477 019.9291 070.4298 6900724 070.6071 348.3680 02.67053776103353",42477 - 2026-03-13 01:16:48,FALSE,42477
"2026-03-14 15:50:37 1 37677U 11026A   26073.15753642 -.00000189  00000-0  00000-0 0 09990
2 37677 000.7997 085.3968 0002331 285.8027 302.7786 01.00275848054045",3/14/2026 9:50,-06:00,1 37677U 11026A   26073.15753642 -.00000189  00000-0  00000-0 0 09990,2 37677 000.7997 085.3968 0002331 285.8027 302.7786 01.00275848054045,37677,U,2011,26,A,11026A,26,73.15753642,-1.89E-06,0,0,0,999,0.7997,85.3968,2.33E-04,285.802,302.7786,1.00275848,5404,3/13/2026 21:46,-06:00,"1 37677U 11026A   26073.15753642 -.00000189  00000-0  00000-0 0 09990
2 37677 000.7997 085.3968 0002331 285.8027 302.7786 01.00275848054045",37677 - 2026-03-14 03:46:08,FALSE,37677
"2026-03-14 15:50:37 1 33376U 08045A   26073.19272323 -.00000140  00000-0  00000-0 0 09992
2 33376 000.0371 254.7838 0002781 110.6302 138.7656 01.00271767063953",3/14/2026 9:50,-06:00,1 33376U 08045A   26073.19272323 -.00000140  00000-0  00000-0 0 09992,2 33376 000.0371 254.7838 0002781 110.6302 138.7656 01.00271767063953,33376,U,2008,45,A,08045A,26,73.19272323,-1.40E-06,0,0,0,999,0.0371,254.7838,2.78E-04,110.63,138.7656,1.00271767,6395,3/13/2026 22:37,-06:00,"1 33376U 08045A   26073.19272323 -.00000140  00000-0  00000-0 0 09992
2 33376 000.0371 254.7838 0002781 110.6302 138.7656 01.00271767063953",33376 - 2026-03-14 04:37:20,FALSE,33376
"2026-03-14 15:50:37 1 38572U 08011T   26072.65472182 0.00000057  00000-0  00000-0 0 09999
2 38572 048.3485 135.9302 6303911 140.5849 288.6710 03.03159728168191",3/14/2026 9:50,-06:00,1 38572U 08011T   26072.65472182 0.00000057  00000-0  00000-0 0 09999,2 38572 048.3485 135.9302 6303911 140.5849 288.6710 03.03159728168191,38572,U,2008,11,T,08011T,26,72.65472182,5.70E-07,0,0,0,999,48.3485,135.9302,0.6303911,140.584,288.671,3.03159728,16819,3/13/2026 9:42,-06:00,"1 38572U 08011T   26072.65472182 0.00000057  00000-0  00000-0 0 09999
2 38572 048.3485 135.9302 6303911 140.5849 288.6710 03.03159728168191",38572 - 2026-03-13 15:42:56,FALSE,38572
"2026-03-14 15:50:37 1 28359U 04022B   26073.00945729 0.00008233  00000-0  82471-3 0 09990
2 28359 049.5308 019.3400 4500269 132.6835 275.3123 06.50682153486422",3/14/2026 9:50,-06:00,1 28359U 04022B   26073.00945729 0.00008233  00000-0  82471-3 0 09990,2 28359 049.5308 019.3400 4500269 132.6835 275.3123 06.50682153486422,28359,U,2004,22,B,04022B,26,73.00945729,8.23E-05,0,8.25E-04,0,999,49.5308,19.34,0.4500269,132.683,275.3123,6.50682153,48642,3/13/2026 18:12,-06:00,"1 28359U 04022B   26073.00945729 0.00008233  00000-0  82471-3 0 09990
2 28359 049.5308 019.3400 4500269 132.6835 275.3123 06.50682153486422",28359 - 2026-03-14 00:12:48,FALSE,28359
"2026-03-14 15:50:37 1 27608U 02058D   26073.27372246 0.00001060  00000-0  14038-3 0 09995
2 27608 064.5526 315.6362 0063262 268.6199 090.7660 14.84107087252703",3/14/2026 9:50,-06:00,1 27608U 02058D   26073.27372246 0.00001060  00000-0  14038-3 0 09995,2 27608 064.5526 315.6362 0063262 268.6199 090.7660 14.84107087252703,27608,U,2002,58,D,02058D,26,73.27372246,1.06E-05,0,1.40E-04,0,999,64.5526,315.6362,0.0063262,268.619,90.766,14.84107087,25270,3/14/2026 0:34,-06:00,"1 27608U 02058D   26073.27372246 0.00001060  00000-0  14038-3 0 09995
2 27608 064.5526 315.6362 0063262 268.6199 090.7660 14.84107087252703",27608 - 2026-03-14 06:34:40,FALSE,27608
"2026-03-14 15:50:37 1 48724U 02032BH  26072.85665944 0.00013760  00000-0  20771-2 0 09992
2 48724 098.7518 108.8048 0023322 233.1876 126.7190 14.74259877263759",3/14/2026 9:50,-06:00,1 48724U 02032BH  26072.85665944 0.00013760  00000-0  20771-2 0 09992,2 48724 098.7518 108.8048 0023322 233.1876 126.7190 14.74259877263759,48724,U,2002,32,BH,02032BH,26,72.85665944,1.38E-04,0,0.0020771,0,999,98.7518,108.8048,0.0023322,233.187,126.719,14.74259877,26375,3/13/2026 14:33,-06:00,"1 48724U 02032BH  26072.85665944 0.00013760  00000-0  20771-2 0 09992
2 48724 098.7518 108.8048 0023322 233.1876 126.7190 14.74259877263759",48724 - 2026-03-13 20:33:04,FALSE,48724
"2026-03-14 15:50:37 1 26998U 01055B   26073.12939296 0.00001719  00000-0  16061-3 0 09999
2 26998 074.0664 066.3829 0002993 269.9005 090.1836 14.95038503316613",3/14/2026 9:50,-06:00,1 26998U 01055B   26073.12939296 0.00001719  00000-0  16061-3 0 09999,2 26998 074.0664 066.3829 0002993 269.9005 090.1836 14.95038503316613,26998,U,2001,55,B,01055B,26,73.12939296,1.72E-05,0,1.61E-04,0,999,74.0664,66.3829,2.99E-04,269.9,90.1836,14.95038503,31661,3/13/2026 21:05,-06:00,"1 26998U 01055B   26073.12939296 0.00001719  00000-0  16061-3 0 09999
2 26998 074.0664 066.3829 0002993 269.9005 090.1836 14.95038503316613",26998 - 2026-03-14 03:05:36,FALSE,26998
"2026-03-14 15:50:37 1 41224U 00055ED  26072.30460169 0.00030597  00000-0  57876-2 0 09998
2 41224 098.9057 208.3262 0013388 335.3840 024.6720 14.64219880530007",3/14/2026 9:50,-06:00,1 41224U 00055ED  26072.30460169 0.00030597  00000-0  57876-2 0 09998,2 41224 098.9057 208.3262 0013388 335.3840 024.6720 14.64219880530007,41224,U,2000,55,ED,00055ED,26,72.30460169,3.06E-04,0,0.0057876,0,999,98.9057,208.3262,0.0013388,335.384,24.672,14.6421988,53000,3/13/2026 1:19,-06:00,"1 41224U 00055ED  26072.30460169 0.00030597  00000-0  57876-2 0 09998
2 41224 098.9057 208.3262 0013388 335.3840 024.6720 14.64219880530007",41224 - 2026-03-13 07:19:28,FALSE,41224
"2026-03-14 15:50:37 1 26207U 99057CV  26073.26571632 0.00015726  00000-0  17485-2 0 09995
2 26207 098.3831 185.5014 0057618 359.3173 064.7846 14.86035147369577",3/14/2026 9:50,-06:00,1 26207U 99057CV  26073.26571632 0.00015726  00000-0  17485-2 0 09995,2 26207 098.3831 185.5014 0057618 359.3173 064.7846 14.86035147369577,26207,U,1999,57,CV,99057CV,26,73.26571632,1.57E-04,0,0.0017485,0,999,98.3831,185.5014,0.0057618,359.317,64.7846,14.86035147,36957,3/14/2026 0:21,-06:00,"1 26207U 99057CV  26073.26571632 0.00015726  00000-0  17485-2 0 09995
2 26207 098.3831 185.5014 0057618 359.3173 064.7846 14.86035147369577",26207 - 2026-03-14 06:21:52,FALSE,26207
"2026-03-14 15:50:37 1 29844U 99025EN  26072.71717161 0.00001597  00000-0  52401-3 0 09997
2 29844 098.9326 341.8241 0166339 261.8179 096.4108 14.32337421996430",3/14/2026 9:50,-06:00,1 29844U 99025EN  26072.71717161 0.00001597  00000-0  52401-3 0 09997,2 29844 098.9326 341.8241 0166339 261.8179 096.4108 14.32337421996430,29844,U,1999,25,EN,99025EN,26,72.71717161,1.60E-05,0,5.24E-04,0,999,98.9326,341.8241,0.0166339,261.817,96.4108,14.32337421,99643,3/13/2026 11:12,-06:00,"1 29844U 99025EN  26072.71717161 0.00001597  00000-0  52401-3 0 09997
2 29844 098.9326 341.8241 0166339 261.8179 096.4108 14.32337421996430",29844 - 2026-03-13 17:12:32,FALSE,29844
"2026-03-14 15:50:37 1 30356U 99025ABT 26072.93521351 0.00001564  00000-0  84524-3 0 09990
2 30356 098.6879 070.4746 0053123 030.0215 028.9810 14.13307448983091",3/14/2026 9:50,-06:00,1 30356U 99025ABT 26072.93521351 0.00001564  00000-0  84524-3 0 09990,2 30356 098.6879 070.4746 0053123 030.0215 028.9810 14.13307448983091,30356,U,1999,25,ABT,99025ABT,26,72.93521351,1.56E-05,0,8.45E-04,0,999,98.6879,70.4746,0.0053123,30.021,28.981,14.13307448,98309,3/13/2026 16:26,-06:00,"1 30356U 99025ABT 26072.93521351 0.00001564  00000-0  84524-3 0 09990
2 30356 098.6879 070.4746 0053123 030.0215 028.9810 14.13307448983091",30356 - 2026-03-13 22:26:08,FALSE,30356
"2026-03-14 15:50:37 1 30503U 99025AHR 26073.32533527 0.00000461  00000-0  25670-3 0 09998
2 30503 099.2013 284.8904 0009259 012.4848 163.9802 14.16238471986429",3/14/2026 9:50,-06:00,1 30503U 99025AHR 26073.32533527 0.00000461  00000-0  25670-3 0 09998,2 30503 099.2013 284.8904 0009259 012.4848 163.9802 14.16238471986429,30503,U,1999,25,AHR,99025AHR,26,73.32533527,4.61E-06,0,2.57E-04,0,999,99.2013,284.8904,9.26E-04,12.484,163.9802,14.16238471,98642,3/14/2026 1:49,-06:00,"1 30503U 99025AHR 26073.32533527 0.00000461  00000-0  25670-3 0 09998
2 30503 099.2013 284.8904 0009259 012.4848 163.9802 14.16238471986429",30503 - 2026-03-14 07:49:20,FALSE,30503
"2026-03-14 15:50:37 1 30817U 99025AVB 26072.94587006 0.00000445  00000-0  32185-3 0 09995
2 30817 098.7868 064.6549 0059434 352.1946 007.8289 14.00791613971863",3/14/2026 9:50,-06:00,1 30817U 99025AVB 26072.94587006 0.00000445  00000-0  32185-3 0 09995,2 30817 098.7868 064.6549 0059434 352.1946 007.8289 14.00791613971863,30817,U,1999,25,AVB,99025AVB,26,72.94587006,4.45E-06,0,3.22E-04,0,999,98.7868,64.6549,0.0059434,352.194,7.8289,14.00791613,97186,3/13/2026 16:41,-06:00,"1 30817U 99025AVB 26072.94587006 0.00000445  00000-0  32185-3 0 09995
2 30817 098.7868 064.6549 0059434 352.1946 007.8289 14.00791613971863",30817 - 2026-03-13 22:41:04,FALSE,30817
"2026-03-14 15:50:37 1 31049U 99025BET 26072.29735117 0.00000418  00000-0  28632-3 0 09991
2 31049 098.8037 085.2208 0050278 235.6323 124.0083 14.04368778623866",3/14/2026 9:50,-06:00,1 31049U 99025BET 26072.29735117 0.00000418  00000-0  28632-3 0 09991,2 31049 098.8037 085.2208 0050278 235.6323 124.0083 14.04368778623866,31049,U,1999,25,BET,99025BET,26,72.29735117,4.18E-06,0,2.86E-04,0,999,98.8037,85.2208,0.0050278,235.632,124.0083,14.04368778,62386,3/13/2026 1:08,-06:00,"1 31049U 99025BET 26072.29735117 0.00000418  00000-0  28632-3 0 09991
2 31049 098.8037 085.2208 0050278 235.6323 124.0083 14.04368778623866",31049 - 2026-03-13 07:08:48,FALSE,31049
"2026-03-14 15:50:37 1 37902U 99025ENB 26072.36260736 0.00002026  00000-0  22372-2 0 09994
2 37902 098.6891 286.6405 0319166 072.8792 290.7036 13.53021570642024",3/14/2026 9:50,-06:00,1 37902U 99025ENB 26072.36260736 0.00002026  00000-0  22372-2 0 09994,2 37902 098.6891 286.6405 0319166 072.8792 290.7036 13.53021570642024,37902,U,1999,25,ENB,99025ENB,26,72.36260736,2.03E-05,0,0.0022372,0,999,98.6891,286.6405,0.0319166,72.879,290.7036,13.5302157,64202,3/13/2026 2:42,-06:00,"1 37902U 99025ENB 26072.36260736 0.00002026  00000-0  22372-2 0 09994
2 37902 098.6891 286.6405 0319166 072.8792 290.7036 13.53021570642024",37902 - 2026-03-13 08:42:40,FALSE,37902
"2026-03-14 15:50:37 1 37925U 99025EPA 26072.93739909 0.00011528  00000-0  13956-2 0 09990
2 37925 099.0796 319.2331 0054506 055.2982 305.3345 14.82790275670338",3/14/2026 9:50,-06:00,1 37925U 99025EPA 26072.93739909 0.00011528  00000-0  13956-2 0 09990,2 37925 099.0796 319.2331 0054506 055.2982 305.3345 14.82790275670338,37925,U,1999,25,EPA,99025EPA,26,72.93739909,1.15E-04,0,0.0013956,0,999,99.0796,319.2331,0.0054506,55.298,305.3345,14.82790275,67033,3/13/2026 16:30,-06:00,"1 37925U 99025EPA 26072.93739909 0.00011528  00000-0  13956-2 0 09990
2 37925 099.0796 319.2331 0054506 055.2982 305.3345 14.82790275670338",37925 - 2026-03-13 22:30:24,FALSE,37925
"2026-03-14 15:50:37 1 25402U 98043J   26073.13412826 -.00000036  00000-0  68971-5 0 09998
2 25402 099.2408 132.7946 0152411 258.9883 155.0121 13.96915702409388",3/14/2026 9:50,-06:00,1 25402U 98043J   26073.13412826 -.00000036  00000-0  68971-5 0 09998,2 25402 099.2408 132.7946 0152411 258.9883 155.0121 13.96915702409388,25402,U,1998,43,J,98043J,26,73.13412826,-3.60E-07,0,6.90E-06,0,999,99.2408,132.7946,0.0152411,258.988,155.0121,13.96915702,40938,3/13/2026 21:14,-06:00,"1 25402U 98043J   26073.13412826 -.00000036  00000-0  68971-5 0 09998
2 25402 099.2408 132.7946 0152411 258.9883 155.0121 13.96915702409388",25402 - 2026-03-14 03:14:08,FALSE,25402
"2026-03-14 15:50:37 1 25520U 98064B   26072.92400019 0.00061409  00000-0  33092-3 0 09993
2 25520 028.4307 285.3054 0000520 039.4717 320.5929 15.78695895525437",3/14/2026 9:50,-06:00,1 25520U 98064B   26072.92400019 0.00061409  00000-0  33092-3 0 09993,2 25520 028.4307 285.3054 0000520 039.4717 320.5929 15.78695895525437,25520,U,1998,64,B,98064B,26,72.92400019,6.14E-04,0,3.31E-04,0,999,28.4307,285.3054,5.20E-05,39.471,320.5929,15.78695895,52543,3/13/2026 16:11,-06:00,"1 25520U 98064B   26072.92400019 0.00061409  00000-0  33092-3 0 09993
2 25520 028.4307 285.3054 0000520 039.4717 320.5929 15.78695895525437",25520 - 2026-03-13 22:11:12,FALSE,25520
"2026-03-14 15:50:37 1 25113U 97084B   26072.93143622 0.00001404  00000-0  42423-3 0 09994
2 25113 045.0143 154.7338 0004779 168.5191 191.5771 14.46721685655562",3/14/2026 9:50,-06:00,1 25113U 97084B   26072.93143622 0.00001404  00000-0  42423-3 0 09994,2 25113 045.0143 154.7338 0004779 168.5191 191.5771 14.46721685655562,25113,U,1997,84,B,97084B,26,72.93143622,1.40E-05,0,4.24E-04,0,999,45.0143,154.7338,4.78E-04,168.519,191.5771,14.46721685,65556,3/13/2026 16:21,-06:00,"1 25113U 97084B   26072.93143622 0.00001404  00000-0  42423-3 0 09994
2 25113 045.0143 154.7338 0004779 168.5191 191.5771 14.46721685655562",25113 - 2026-03-13 22:21:52,FALSE,25113
"2026-03-14 15:50:37 1 23604U 95032B   26073.11254861 0.00000127  00000-0  11804-3 0 09997
2 23604 082.9029 301.7935 0024092 355.4732 004.6202 13.74536310539229",3/14/2026 9:50,-06:00,1 23604U 95032B   26073.11254861 0.00000127  00000-0  11804-3 0 09997,2 23604 082.9029 301.7935 0024092 355.4732 004.6202 13.74536310539229,23604,U,1995,32,B,95032B,26,73.11254861,1.27E-06,0,1.18E-04,0,999,82.9029,301.7935,0.0024092,355.473,4.6202,13.7453631,53922,3/13/2026 20:42,-06:00,"1 23604U 95032B   26073.11254861 0.00000127  00000-0  11804-3 0 09997
2 23604 082.9029 301.7935 0024092 355.4732 004.6202 13.74536310539229",23604 - 2026-03-14 02:42:08,FALSE,23604
"2026-03-14 15:50:37 1 40436U 95015AN  26073.02106068 0.00000391  00000-0  39655-3 0 09992
2 40436 098.8663 158.8734 0228863 019.6324 341.3462 13.71578772551236",3/14/2026 9:50,-06:00,1 40436U 95015AN  26073.02106068 0.00000391  00000-0  39655-3 0 09992,2 40436 098.8663 158.8734 0228863 019.6324 341.3462 13.71578772551236,40436,U,1995,15,AN,95015AN,26,73.02106068,3.91E-06,0,3.97E-04,0,999,98.8663,158.8734,0.0228863,19.632,341.3462,13.71578772,55123,3/13/2026 18:29,-06:00,"1 40436U 95015AN  26073.02106068 0.00000391  00000-0  39655-3 0 09992
2 40436 098.8663 158.8734 0228863 019.6324 341.3462 13.71578772551236",40436 - 2026-03-14 00:29:52,FALSE,40436
"2026-03-14 15:50:37 1 22739U 93050A   26073.10880544 0.00000125  00000-0  88812-4 0 09997
2 22739 098.6936 020.7326 0010288 045.5828 314.6185 14.13638036679945",3/14/2026 9:50,-06:00,1 22739U 93050A   26073.10880544 0.00000125  00000-0  88812-4 0 09997,2 22739 098.6936 020.7326 0010288 045.5828 314.6185 14.13638036679945,22739,U,1993,50,A,93050A,26,73.10880544,1.25E-06,0,8.88E-05,0,999,98.6936,20.7326,0.0010288,45.582,314.6185,14.13638036,67994,3/13/2026 20:35,-06:00,"1 22739U 93050A   26073.10880544 0.00000125  00000-0  88812-4 0 09997
2 22739 098.6936 020.7326 0010288 045.5828 314.6185 14.13638036679945",22739 - 2026-03-14 02:35:44,FALSE,22739
"2026-03-14 15:50:37 1 22910U 93072D   26073.19597067 -.00000157  00000-0  00000-0 0 09991
2 22910 012.8037 343.7704 0016776 172.4043 353.7758 01.03164112121778",3/14/2026 9:50,-06:00,1 22910U 93072D   26073.19597067 -.00000157  00000-0  00000-0 0 09991,2 22910 012.8037 343.7704 0016776 172.4043 353.7758 01.03164112121778,22910,U,1993,72,D,93072D,26,73.19597067,-1.57E-06,0,0,0,999,12.8037,343.7704,0.0016776,172.404,353.7758,1.03164112,12177,3/13/2026 22:41,-06:00,"1 22910U 93072D   26073.19597067 -.00000157  00000-0  00000-0 0 09991
2 22910 012.8037 343.7704 0016776 172.4043 353.7758 01.03164112121778",22910 - 2026-03-14 04:41:36,FALSE,22910
"2026-03-14 15:50:37 1 34040U 93036JB  26073.27366801 0.00001283  00000-0  10153-2 0 09999
2 34040 073.9553 274.5511 0338835 209.9839 148.1493 13.68803388848525",3/14/2026 9:50,-06:00,1 34040U 93036JB  26073.27366801 0.00001283  00000-0  10153-2 0 09999,2 34040 073.9553 274.5511 0338835 209.9839 148.1493 13.68803388848525,34040,U,1993,36,JB,93036JB,26,73.27366801,1.28E-05,0,0.0010153,0,999,73.9553,274.5511,0.0338835,209.983,148.1493,13.68803388,84852,3/14/2026 0:34,-06:00,"1 34040U 93036JB  26073.27366801 0.00001283  00000-0  10153-2 0 09999
2 34040 073.9553 274.5511 0338835 209.9839 148.1493 13.68803388848525",34040 - 2026-03-14 06:34:40,FALSE,34040
"2026-03-14 15:50:37 1 34476U 93036TV  26072.56358437 0.00005361  00000-0  33410-2 0 09991
2 34476 074.0056 289.2749 0317760 129.0292 233.9583 13.82973970848932",3/14/2026 9:50,-06:00,1 34476U 93036TV  26072.56358437 0.00005361  00000-0  33410-2 0 09991,2 34476 074.0056 289.2749 0317760 129.0292 233.9583 13.82973970848932,34476,U,1993,36,TV,93036TV,26,72.56358437,5.36E-05,0,0.003341,0,999,74.0056,289.2749,0.031776,129.029,233.9583,13.8297397,84893,3/13/2026 7:30,-06:00,"1 34476U 93036TV  26072.56358437 0.00005361  00000-0  33410-2 0 09991
2 34476 074.0056 289.2749 0317760 129.0292 233.9583 13.82973970848932",34476 - 2026-03-13 13:30:40,FALSE,34476
"2026-03-14 15:50:37 1 34726U 93036YU  26073.01611305 0.00001853  00000-0  38766-3 0 09998
2 34726 074.0288 172.1411 0044873 297.8970 061.7654 14.59944454898348",3/14/2026 9:50,-06:00,1 34726U 93036YU  26073.01611305 0.00001853  00000-0  38766-3 0 09998,2 34726 074.0288 172.1411 0044873 297.8970 061.7654 14.59944454898348,34726,U,1993,36,YU,93036YU,26,73.01611305,1.85E-05,0,3.88E-04,0,999,74.0288,172.1411,0.0044873,297.897,61.7654,14.59944454,89834,3/13/2026 18:23,-06:00,"1 34726U 93036YU  26073.01611305 0.00001853  00000-0  38766-3 0 09998
2 34726 074.0288 172.1411 0044873 297.8970 061.7654 14.59944454898348",34726 - 2026-03-14 00:23:28,FALSE,34726
"2026-03-14 15:50:37 1 21875U 92008A   26073.16930248 0.00000065  00000-0  53684-4 0 09994
2 21875 082.9243 291.9416 0036444 234.8456 247.0223 13.73956789707774",3/14/2026 9:50,-06:00,1 21875U 92008A   26073.16930248 0.00000065  00000-0  53684-4 0 09994,2 21875 082.9243 291.9416 0036444 234.8456 247.0223 13.73956789707774,21875,U,1992,8,A,92008A,26,73.16930248,6.50E-07,0,5.37E-05,0,999,82.9243,291.9416,0.0036444,234.845,247.0223,13.73956789,70777,3/13/2026 22:03,-06:00,"1 21875U 92008A   26073.16930248 0.00000065  00000-0  53684-4 0 09994
2 21875 082.9243 291.9416 0036444 234.8456 247.0223 13.73956789707774",21875 - 2026-03-14 04:03:12,FALSE,21875
"2026-03-14 15:50:37 1 39708U 92093JY  26072.87476725 0.00013419  00000-0  86478-3 0 09997
2 39708 071.2748 114.4568 0040889 141.6562 035.2391 15.07719566641990",3/14/2026 9:50,-06:00,1 39708U 92093JY  26072.87476725 0.00013419  00000-0  86478-3 0 09997,2 39708 071.2748 114.4568 0040889 141.6562 035.2391 15.07719566641990,39708,U,1992,93,JY,92093JY,26,72.87476725,1.34E-04,0,8.65E-04,0,999,71.2748,114.4568,0.0040889,141.656,35.2391,15.07719566,64199,3/13/2026 14:58,-06:00,"1 39708U 92093JY  26072.87476725 0.00013419  00000-0  86478-3 0 09997
2 39708 071.2748 114.4568 0040889 141.6562 035.2391 15.07719566641990",39708 - 2026-03-13 20:58:40,FALSE,39708
"2026-03-14 15:50:37 1 28319U 91082AG  26072.51568921 0.00049169  00000-0  55748-2 0 09997
2 28319 098.7489 179.4380 0024685 149.4930 210.7724 14.85929246138046",3/14/2026 9:50,-06:00,1 28319U 91082AG  26072.51568921 0.00049169  00000-0  55748-2 0 09997,2 28319 098.7489 179.4380 0024685 149.4930 210.7724 14.85929246138046,28319,U,1991,82,AG,91082AG,26,72.51568921,4.92E-04,0,0.0055748,0,999,98.7489,179.438,0.0024685,149.493,210.7724,14.85929246,13804,3/13/2026 6:22,-06:00,"1 28319U 91082AG  26072.51568921 0.00049169  00000-0  55748-2 0 09997
2 28319 098.7489 179.4380 0024685 149.4930 210.7724 14.85929246138046",28319 - 2026-03-13 12:22:24,FALSE,28319
"2026-03-14 15:50:37 1 20465U 90010A   26073.28270623 0.00004687  00000-0  27607-3 0 09995
2 20465 082.4666 042.9016 0008678 329.2660 030.8060 15.11366171942936",3/14/2026 9:50,-06:00,1 20465U 90010A   26073.28270623 0.00004687  00000-0  27607-3 0 09995,2 20465 082.4666 042.9016 0008678 329.2660 030.8060 15.11366171942936,20465,U,1990,10,A,90010A,26,73.28270623,4.69E-05,0,2.76E-04,0,999,82.4666,42.9016,8.68E-04,329.266,30.806,15.11366171,94293,3/14/2026 0:47,-06:00,"1 20465U 90010A   26073.28270623 0.00004687  00000-0  27607-3 0 09995
2 20465 082.4666 042.9016 0008678 329.2660 030.8060 15.11366171942936",20465 - 2026-03-14 06:47:28,FALSE,20465
"2026-03-14 15:50:37 1 20797U 90081G   26072.95081383 0.00000947  00000-0  48182-3 0 09993
2 20797 098.8006 059.8530 0009687 048.8170 336.0496 14.18231072828206",3/14/2026 9:50,-06:00,1 20797U 90081G   26072.95081383 0.00000947  00000-0  48182-3 0 09993,2 20797 098.8006 059.8530 0009687 048.8170 336.0496 14.18231072828206,20797,U,1990,81,G,90081G,26,72.95081383,9.47E-06,0,4.82E-04,0,999,98.8006,59.853,9.69E-04,48.817,336.0496,14.18231072,82820,3/13/2026 16:49,-06:00,"1 20797U 90081G   26072.95081383 0.00000947  00000-0  48182-3 0 09993
2 20797 098.8006 059.8530 0009687 048.8170 336.0496 14.18231072828206",20797 - 2026-03-13 22:49:36,FALSE,20797
"2026-03-14 15:50:37 1 19920U 89027B   26072.78140991 0.00003214  00000-0  17392-2 0 09997
2 19920 003.9940 118.8401 5229698 259.2303 040.3696 05.14676481575430",3/14/2026 9:50,-06:00,1 19920U 89027B   26072.78140991 0.00003214  00000-0  17392-2 0 09997,2 19920 003.9940 118.8401 5229698 259.2303 040.3696 05.14676481575430,19920,U,1989,27,B,89027B,26,72.78140991,3.21E-05,0,0.0017392,0,999,3.994,118.8401,0.5229698,259.23,40.3696,5.14676481,57543,3/13/2026 12:44,-06:00,"1 19920U 89027B   26072.78140991 0.00003214  00000-0  17392-2 0 09997
2 19920 003.9940 118.8401 5229698 259.2303 040.3696 05.14676481575430",19920 - 2026-03-13 18:44:16,FALSE,19920
"2026-03-14 15:50:37 1 19071U 88033B   26073.28798742 0.00000044  00000-0  77310-4 0 09995
2 19071 090.3304 019.3877 0185885 272.7360 212.8447 13.27968909834801",3/14/2026 9:50,-06:00,1 19071U 88033B   26073.28798742 0.00000044  00000-0  77310-4 0 09995,2 19071 090.3304 019.3877 0185885 272.7360 212.8447 13.27968909834801,19071,U,1988,33,B,88033B,26,73.28798742,4.40E-07,0,7.73E-05,0,999,90.3304,19.3877,0.0185885,272.736,212.8447,13.27968909,83480,3/14/2026 0:53,-06:00,"1 19071U 88033B   26073.28798742 0.00000044  00000-0  77310-4 0 09995
2 19071 090.3304 019.3877 0185885 272.7360 212.8447 13.27968909834801",19071 - 2026-03-14 06:53:52,FALSE,19071
"2026-03-14 15:50:37 1 17527U 87018A   26073.13048852 -.00000029  00000-0  86023-5 0 09991
2 17527 098.8547 125.2018 0009739 095.8319 324.2341 14.03191302996734",3/14/2026 9:50,-06:00,1 17527U 87018A   26073.13048852 -.00000029  00000-0  86023-5 0 09991,2 17527 098.8547 125.2018 0009739 095.8319 324.2341 14.03191302996734,17527,U,1987,18,A,87018A,26,73.13048852,-2.90E-07,0,8.60E-06,0,999,98.8547,125.2018,9.74E-04,95.831,324.2341,14.03191302,99673,3/13/2026 21:07,-06:00,"1 17527U 87018A   26073.13048852 -.00000029  00000-0  86023-5 0 09991
2 17527 098.8547 125.2018 0009739 095.8319 324.2341 14.03191302996734",17527 - 2026-03-14 03:07:44,FALSE,17527
"2026-03-14 15:50:37 1 13590U 82096B   26073.29132559 0.00000000  00000-0 -72899-4 0 09997
2 13590 082.6137 162.5570 0006862 148.5550 266.5965 12.42685464971753",3/14/2026 9:50,-06:00,1 13590U 82096B   26073.29132559 0.00000000  00000-0 -72899-4 0 09997,2 13590 082.6137 162.5570 0006862 148.5550 266.5965 12.42685464971753,13590,U,1982,96,B,82096B,26,73.29132559,0,0,-7.29E-05,0,999,82.6137,162.557,6.86E-04,148.555,266.5965,12.42685464,97175,3/14/2026 1:00,-06:00,"1 13590U 82096B   26073.29132559 0.00000000  00000-0 -72899-4 0 09997
2 13590 082.6137 162.5570 0006862 148.5550 266.5965 12.42685464971753",13590 - 2026-03-14 07:00:16,FALSE,13590
"2026-03-14 15:50:37 1 13607U 82100E   26072.36270164 0.00000042  00000-0  00000-0 0 09990
2 13607 064.8037 070.1275 0004914 022.7271 146.9069 02.13810288338897",3/14/2026 9:50,-06:00,1 13607U 82100E   26072.36270164 0.00000042  00000-0  00000-0 0 09990,2 13607 064.8037 070.1275 0004914 022.7271 146.9069 02.13810288338897,13607,U,1982,100,E,82100E,26,72.36270164,4.20E-07,0,0,0,999,64.8037,70.1275,4.91E-04,22.727,146.9069,2.13810288,33889,3/13/2026 2:42,-06:00,"1 13607U 82100E   26072.36270164 0.00000042  00000-0  00000-0 0 09990
2 13607 064.8037 070.1275 0004914 022.7271 146.9069 02.13810288338897",13607 - 2026-03-13 08:42:40,FALSE,13607
"2026-03-14 15:50:37 1 12435U 81037D   26073.15382856 -.00000088  00000-0  34291-5 0 09991
2 12435 064.7714 010.0379 0035465 256.7753 102.9353 13.93189863282998",3/14/2026 9:50,-06:00,1 12435U 81037D   26073.15382856 -.00000088  00000-0  34291-5 0 09991,2 12435 064.7714 010.0379 0035465 256.7753 102.9353 13.93189863282998,12435,U,1981,37,D,81037D,26,73.15382856,-8.80E-07,0,3.43E-06,0,999,64.7714,10.0379,0.0035465,256.775,102.9353,13.93189863,28299,3/13/2026 21:41,-06:00,"1 12435U 81037D   26073.15382856 -.00000088  00000-0  34291-5 0 09991
2 12435 064.7714 010.0379 0035465 256.7753 102.9353 13.93189863282998",12435 - 2026-03-14 03:41:52,FALSE,12435
"2026-03-14 15:50:37 1 12893U 81031F   26072.95863965 0.00000876  00000-0  00000-0 0 09995
2 12893 064.5059 357.6216 7125748 026.3731 356.6413 02.01112802310199",3/14/2026 9:50,-06:00,1 12893U 81031F   26072.95863965 0.00000876  00000-0  00000-0 0 09995,2 12893 064.5059 357.6216 7125748 026.3731 356.6413 02.01112802310199,12893,U,1981,31,F,81031F,26,72.95863965,8.76E-06,0,0,0,999,64.5059,357.6216,0.7125748,26.373,356.6413,2.01112802,31019,3/13/2026 17:00,-06:00,"1 12893U 81031F   26072.95863965 0.00000876  00000-0  00000-0 0 09995
2 12893 064.5059 357.6216 7125748 026.3731 356.6413 02.01112802310199",12893 - 2026-03-13 23:00:16,FALSE,12893
"2026-03-14 15:50:37 1 12110U 80102D   26073.32113324 -.00000004  00000-0  75282-4 0 09996
2 12110 073.9917 117.7059 0037609 203.3765 236.1458 12.57136128075203",3/14/2026 9:50,-06:00,1 12110U 80102D   26073.32113324 -.00000004  00000-0  75282-4 0 09996,2 12110 073.9917 117.7059 0037609 203.3765 236.1458 12.57136128075203,12110,U,1980,102,D,80102D,26,73.32113324,-4.00E-08,0,7.53E-05,0,999,73.9917,117.7059,0.0037609,203.376,236.1458,12.57136128,7520,3/14/2026 1:42,-06:00,"1 12110U 80102D   26073.32113324 -.00000004  00000-0  75282-4 0 09996
2 12110 073.9917 117.7059 0037609 203.3765 236.1458 12.57136128075203",12110 - 2026-03-14 07:42:56,FALSE,12110
"2026-03-14 15:50:37 1 27732U 79104S   26072.07452530 -.00000211  00000-0  99887-2 0 09993
2 27732 016.5076 029.2439 7311201 141.6893 304.6648 01.93135562084181",3/14/2026 9:50,-06:00,1 27732U 79104S   26072.07452530 -.00000211  00000-0  99887-2 0 09993,2 27732 016.5076 029.2439 7311201 141.6893 304.6648 01.93135562084181,27732,U,1979,104,S,79104S,26,72.0745253,-2.11E-06,0,0.0099887,0,999,16.5076,29.2439,0.7311201,141.689,304.6648,1.93135562,8418,3/12/2026 19:46,-06:00,"1 27732U 79104S   26072.07452530 -.00000211  00000-0  99887-2 0 09993
2 27732 016.5076 029.2439 7311201 141.6893 304.6648 01.93135562084181",27732 - 2026-03-13 01:46:40,FALSE,27732
"2026-03-14 15:50:37 1 11085U 78100B   26073.30632163 0.00000005  00000-0 -51759-4 0 09990
2 11085 082.5426 100.1115 0013524 162.8050 208.6600 11.96568306069473",3/14/2026 9:50,-06:00,1 11085U 78100B   26073.30632163 0.00000005  00000-0 -51759-4 0 09990,2 11085 082.5426 100.1115 0013524 162.8050 208.6600 11.96568306069473,11085,U,1978,100,B,78100B,26,73.30632163,5.00E-08,0,-5.18E-05,0,999,82.5426,100.1115,0.0013524,162.805,208.66,11.96568306,6947,3/14/2026 1:21,-06:00,"1 11085U 78100B   26073.30632163 0.00000005  00000-0 -51759-4 0 09990
2 11085 082.5426 100.1115 0013524 162.8050 208.6600 11.96568306069473",11085 - 2026-03-14 07:21:36,FALSE,11085
"2026-03-14 15:50:37 1 12200U 78026AR  26073.19916963 0.00000359  00000-0  14177-3 0 09990
2 12200 098.7378 055.1353 0111256 077.4865 347.8577 14.31677539350469",3/14/2026 9:50,-06:00,1 12200U 78026AR  26073.19916963 0.00000359  00000-0  14177-3 0 09990,2 12200 098.7378 055.1353 0111256 077.4865 347.8577 14.31677539350469,12200,U,1978,26,AR,78026AR,26,73.19916963,3.59E-06,0,1.42E-04,0,999,98.7378,55.1353,0.0111256,77.486,347.8577,14.31677539,35046,3/13/2026 22:45,-06:00,"1 12200U 78026AR  26073.19916963 0.00000359  00000-0  14177-3 0 09990
2 12200 098.7378 055.1353 0111256 077.4865 347.8577 14.31677539350469",12200 - 2026-03-14 04:45:52,FALSE,12200
"2026-03-14 15:50:37 1 08286U 75086B   26073.33554686 -.00000012  00000-0  22762-4 0 09995
2 08286 074.0127 020.0973 0029052 127.0525 350.7146 12.50904229305512",3/14/2026 9:50,-06:00,1 08286U 75086B   26073.33554686 -.00000012  00000-0  22762-4 0 09995,2 08286 074.0127 020.0973 0029052 127.0525 350.7146 12.50904229305512,8286,U,1975,86,B,75086B,26,73.33554686,-1.20E-07,0,2.28E-05,0,999,74.0127,20.0973,0.0029052,127.052,350.7146,12.50904229,30551,3/14/2026 2:02,-06:00,"1 08286U 75086B   26073.33554686 -.00000012  00000-0  22762-4 0 09995
2 08286 074.0127 020.0973 0029052 127.0525 350.7146 12.50904229305512",8286 - 2026-03-14 08:02:08,FALSE,8286
"2026-03-14 15:50:37 1 07009U 73109B   26073.33494005 -.00000014  00000-0 -29233-4 0 09992
2 07009 082.9446 092.9392 0018391 307.6511 063.3277 13.77048318622347",3/14/2026 9:50,-06:00,1 07009U 73109B   26073.33494005 -.00000014  00000-0 -29233-4 0 09992,2 07009 082.9446 092.9392 0018391 307.6511 063.3277 13.77048318622347,7009,U,1973,109,B,73109B,26,73.33494005,-1.40E-07,0,-2.92E-05,0,999,82.9446,92.9392,0.0018391,307.651,63.3277,13.77048318,62234,3/14/2026 2:02,-06:00,"1 07009U 73109B   26073.33494005 -.00000014  00000-0 -29233-4 0 09992
2 07009 082.9446 092.9392 0018391 307.6511 063.3277 13.77048318622347",7009 - 2026-03-14 08:02:08,FALSE,7009
"2026-03-14 15:50:37 1 07135U 73086CZ  26072.83931635 0.00000535  00000-0  30838-2 0 09992
2 07135 102.2366 038.3409 0134225 231.7662 127.1270 12.63998821401564",3/14/2026 9:50,-06:00,1 07135U 73086CZ  26072.83931635 0.00000535  00000-0  30838-2 0 09992,2 07135 102.2366 038.3409 0134225 231.7662 127.1270 12.63998821401564,7135,U,1973,86,CZ,73086CZ,26,72.83931635,5.35E-06,0,0.0030838,0,999,102.2366,38.3409,0.0134225,231.766,127.127,12.63998821,40156,3/13/2026 14:09,-06:00,"1 07135U 73086CZ  26072.83931635 0.00000535  00000-0  30838-2 0 09992
2 07135 102.2366 038.3409 0134225 231.7662 127.1270 12.63998821401564",7135 - 2026-03-13 20:09:36,FALSE,7135
"2026-03-14 15:50:37 1 05097U 71015W   26073.17240757 0.00000865  00000-0  33612-3 0 09993
2 05097 065.7350 069.6008 0756731 149.7222 214.9891 13.36721747624506",3/14/2026 9:50,-06:00,1 05097U 71015W   26073.17240757 0.00000865  00000-0  33612-3 0 09993,2 05097 065.7350 069.6008 0756731 149.7222 214.9891 13.36721747624506,5097,U,1971,15,W,71015W,26,73.17240757,8.65E-06,0,3.36E-04,0,999,65.735,69.6008,0.0756731,149.722,214.9891,13.36721747,62450,3/13/2026 22:07,-06:00,"1 05097U 71015W   26073.17240757 0.00000865  00000-0  33612-3 0 09993
2 05097 065.7350 069.6008 0756731 149.7222 214.9891 13.36721747624506",5097 - 2026-03-14 04:07:28,FALSE,5097
"2026-03-14 15:50:37 1 04322U 70008C   26073.26952513 -.00000020  00000-0  14138-3 0 09990
2 04322 101.3347 080.4281 0028537 120.7036 250.6220 12.51927886565056",3/14/2026 9:50,-06:00,1 04322U 70008C   26073.26952513 -.00000020  00000-0  14138-3 0 09990,2 04322 101.3347 080.4281 0028537 120.7036 250.6220 12.51927886565056,4322,U,1970,8,C,70008C,26,73.26952513,-2.00E-07,0,1.41E-04,0,999,101.3347,80.4281,0.0028537,120.703,250.622,12.51927886,56505,3/14/2026 0:28,-06:00,"1 04322U 70008C   26073.26952513 -.00000020  00000-0  14138-3 0 09990
2 04322 101.3347 080.4281 0028537 120.7036 250.6220 12.51927886565056",4322 - 2026-03-14 06:28:16,FALSE,4322
"2026-03-14 15:50:37 1 04745U 70025CU  26073.18766727 0.00001895  00000-0  13536-2 0 09999
2 04745 100.0944 043.5797 0024659 251.1712 108.6773 13.98597745807993",3/14/2026 9:50,-06:00,1 04745U 70025CU  26073.18766727 0.00001895  00000-0  13536-2 0 09999,2 04745 100.0944 043.5797 0024659 251.1712 108.6773 13.98597745807993,4745,U,1970,25,CU,70025CU,26,73.18766727,1.90E-05,0,0.0013536,0,999,100.0944,43.5797,0.0024659,251.171,108.6773,13.98597745,80799,3/13/2026 22:30,-06:00,"1 04745U 70025CU  26073.18766727 0.00001895  00000-0  13536-2 0 09999
2 04745 100.0944 043.5797 0024659 251.1712 108.6773 13.98597745807993",4745 - 2026-03-14 04:30:56,FALSE,4745
"2026-03-14 15:50:37 1 05446U 70025LE  26072.44383281 0.00001435  00000-0  15049-2 0 09997
2 05446 100.4646 293.2765 0082881 130.8339 350.7927 13.75538114762501",3/14/2026 9:50,-06:00,1 05446U 70025LE  26072.44383281 0.00001435  00000-0  15049-2 0 09997,2 05446 100.4646 293.2765 0082881 130.8339 350.7927 13.75538114762501,5446,U,1970,25,LE,70025LE,26,72.44383281,1.44E-05,0,0.0015049,0,999,100.4646,293.2765,0.0082881,130.833,350.7927,13.75538114,76250,3/13/2026 4:40,-06:00,"1 05446U 70025LE  26072.44383281 0.00001435  00000-0  15049-2 0 09997
2 05446 100.4646 293.2765 0082881 130.8339 350.7927 13.75538114762501",5446 - 2026-03-13 10:40:00,FALSE,5446
"2026-03-14 15:50:37 1 03818U 69024A   26073.31809569 0.00000067  00000-0  22163-3 0 09990
2 03818 073.9917 039.3411 0020045 253.2514 225.6240 13.17946798741358",3/14/2026 9:50,-06:00,1 03818U 69024A   26073.31809569 0.00000067  00000-0  22163-3 0 09990,2 03818 073.9917 039.3411 0020045 253.2514 225.6240 13.17946798741358,3818,U,1969,24,A,69024A,26,73.31809569,6.70E-07,0,2.22E-04,0,999,73.9917,39.3411,0.0020045,253.251,225.624,13.17946798,74135,3/14/2026 1:38,-06:00,"1 03818U 69024A   26073.31809569 0.00000067  00000-0  22163-3 0 09990
2 03818 073.9917 039.3411 0020045 253.2514 225.6240 13.17946798741358",3818 - 2026-03-14 07:38:40,FALSE,3818
"2026-03-14 15:50:37 1 01271U 65016A   26073.24173644 0.00000062  00000-0  82669-4 0 09991
2 01271 070.0825 000.5332 0021786 201.5523 272.4227 13.96642912105555",3/14/2026 9:50,-06:00,1 01271U 65016A   26073.24173644 0.00000062  00000-0  82669-4 0 09991,2 01271 070.0825 000.5332 0021786 201.5523 272.4227 13.96642912105555,1271,U,1965,16,A,65016A,26,73.24173644,6.20E-07,0,8.27E-05,0,999,70.0825,0.5332,0.0021786,201.552,272.4227,13.96642912,10555,3/13/2026 23:47,-06:00,"1 01271U 65016A   26073.24173644 0.00000062  00000-0  82669-4 0 09991
2 01271 070.0825 000.5332 0021786 201.5523 272.4227 13.96642912105555",1271 - 2026-03-14 05:47:44,FALSE,1271
"2026-03-14 15:50:37 1 00727U 64001A   26073.31085791 0.00000041  00000-0  69482-4 0 09997
2 00727 069.9053 134.1062 0013535 182.6623 177.4413 13.95783498163916",3/14/2026 9:50,-06:00,1 00727U 64001A   26073.31085791 0.00000041  00000-0  69482-4 0 09997,2 00727 069.9053 134.1062 0013535 182.6623 177.4413 13.95783498163916,727,U,1964,1,A,64001A,26,73.31085791,4.10E-07,0,6.95E-05,0,999,69.9053,134.1062,0.0013535,182.662,177.4413,13.95783498,16391,3/14/2026 1:28,-06:00,"1 00727U 64001A   26073.31085791 0.00000041  00000-0  69482-4 0 09997
2 00727 069.9053 134.1062 0013535 182.6623 177.4413 13.95783498163916",727 - 2026-03-14 07:28:00,FALSE,727
"2026-03-14 15:50:37 1 00309U 62025A   26073.07551000 0.00001080  00000-0  20678-3 0 09998
2 00309 058.0892 209.3445 0187817 133.8172 227.8562 14.60559986367933",3/14/2026 9:50,-06:00,1 00309U 62025A   26073.07551000 0.00001080  00000-0  20678-3 0 09998,2 00309 058.0892 209.3445 0187817 133.8172 227.8562 14.60559986367933,309,U,1962,25,A,62025A,26,73.07551,1.08E-05,0,2.07E-04,0,999,58.0892,209.3445,0.0187817,133.817,227.8562,14.60559986,36793,3/13/2026 19:48,-06:00,"1 00309U 62025A   26073.07551000 0.00001080  00000-0  20678-3 0 09998
2 00309 058.0892 209.3445 0187817 133.8172 227.8562 14.60559986367933",309 - 2026-03-14 01:48:48,FALSE,309
"2026-03-14 15:50:37 1 00145U 61015AF  26073.26498108 0.00000349  00000-0  26912-3 0 09998
2 00145 066.9245 258.2316 0062954 000.6556 359.4601 14.03232677303390",3/14/2026 9:50,-06:00,1 00145U 61015AF  26073.26498108 0.00000349  00000-0  26912-3 0 09998,2 00145 066.9245 258.2316 0062954 000.6556 359.4601 14.03232677303390,145,U,1961,15,AF,61015AF,26,73.26498108,3.49E-06,0,2.69E-04,0,999,66.9245,258.2316,0.0062954,0.655,359.4601,14.03232677,30339,3/14/2026 0:21,-06:00,"1 00145U 61015AF  26073.26498108 0.00000349  00000-0  26912-3 0 09998
2 00145 066.9245 258.2316 0062954 000.6556 359.4601 14.03232677303390",145 - 2026-03-14 06:21:52,FALSE,145
"2026-03-14 15:50:37 1 00152U 61015AN  26072.75281426 0.00000728  00000-0  39766-3 0 09994
2 00152 066.5939 202.7535 0157376 261.9216 096.3992 14.11466818312619",3/14/2026 9:50,-06:00,1 00152U 61015AN  26072.75281426 0.00000728  00000-0  39766-3 0 09994,2 00152 066.5939 202.7535 0157376 261.9216 096.3992 14.11466818312619,152,U,1961,15,AN,61015AN,26,72.75281426,7.28E-06,0,3.98E-04,0,999,66.5939,202.7535,0.0157376,261.921,96.3992,14.11466818,31261,3/13/2026 12:03,-06:00,"1 00152U 61015AN  26072.75281426 0.00000728  00000-0  39766-3 0 09994
2 00152 066.5939 202.7535 0157376 261.9216 096.3992 14.11466818312619",152 - 2026-03-13 18:03:44,FALSE,152
"2026-03-14 15:50:37 1 00195U 61028D   26072.68615355 -.00000033  00000-0 -13861-1 0 09996
2 00195 095.8447 184.3210 0127290 169.8896 190.4556 08.65621209034760",3/14/2026 9:50,-06:00,1 00195U 61028D   26072.68615355 -.00000033  00000-0 -13861-1 0 09996,2 00195 095.8447 184.3210 0127290 169.8896 190.4556 08.65621209034760,195,U,1961,28,D,61028D,26,72.68615355,-3.30E-07,0,-0.013861,0,999,95.8447,184.321,0.012729,169.889,190.4556,8.65621209,3476,3/13/2026 10:27,-06:00,"1 00195U 61028D   26072.68615355 -.00000033  00000-0 -13861-1 0 09996
2 00195 095.8447 184.3210 0127290 169.8896 190.4556 08.65621209034760",195 - 2026-03-13 16:27:44,FALSE,195
